Method,Job,AnalyzeLaunchVariance,EvaluateOverhead,MaxAbsoluteError,MaxRelativeError,MinInvokeCount,MinIterationTime,OutlierMode,Affinity,EnvironmentVariables,Jit,LargeAddressAware,Platform,PowerPlanMode,Runtime,AllowVeryLargeObjects,Concurrent,CpuGroups,Force,HeapAffinitizeMask,HeapCount,NoAffinitize,RetainVm,Server,Arguments,BuildConfiguration,Clock,EngineFactory,NuGetReferences,Toolchain,IsMutator,InvocationCount,IterationCount,IterationTime,LaunchCount,MaxIterationCount,MaxWarmupIterationCount,MemoryRandomization,MinIterationCount,MinWarmupIterationCount,RunStrategy,UnrollFactor,WarmupCount,Mean,Error,StdDev,Ratio,RatioSD,Gen0,Gen1,Gen2,Allocated,Alloc Ratio
Mel_Rejected_Debug_ZeroProps,Job-XMWQLI,False,Default,Default,Default,Default,Default,Default,111111111111111111111111,Empty,RyuJit,Default,X64,8c5e7fda-e8bf-4a96-9a85-a6e23a8c635c,.NET 10.0,False,True,False,True,Default,Default,False,False,True,Default,Default,Default,Default,Default,Default,Default,Default,Default,Default,Default,20,8,Default,Default,Default,Default,16,Default,8.568 ns,0.5256 ns,0.6053 ns,0.42,0.04,0.0000,0.0000,0.0000,0 B,NA
Mel_Rejected_Debug_OneProp,Job-XMWQLI,False,Default,Default,Default,Default,Default,Default,111111111111111111111111,Empty,RyuJit,Default,X64,8c5e7fda-e8bf-4a96-9a85-a6e23a8c635c,.NET 10.0,False,True,False,True,Default,Default,False,False,True,Default,Default,Default,Default,Default,Default,Default,Default,Default,Default,Default,20,8,Default,Default,Default,Default,16,Default,29.315 ns,0.7637 ns,0.8489 ns,1.43,0.09,0.0013,0.0000,0.0000,56 B,NA
Mel_Rejected_Debug_TwoProps,Job-XMWQLI,False,Default,Default,Default,Default,Default,Default,111111111111111111111111,Empty,RyuJit,Default,X64,8c5e7fda-e8bf-4a96-9a85-a6e23a8c635c,.NET 10.0,False,True,False,True,Default,Default,False,False,True,Default,Default,Default,Default,Default,Default,Default,Default,Default,Default,Default,20,8,Default,Default,Default,Default,16,Default,30.795 ns,0.7269 ns,0.8371 ns,1.51,0.10,0.0011,0.0000,0.0000,64 B,NA
Mel_Rejected_Debug_FourProps,Job-XMWQLI,False,Default,Default,Default,Default,Default,Default,111111111111111111111111,Empty,RyuJit,Default,X64,8c5e7fda-e8bf-4a96-9a85-a6e23a8c635c,.NET 10.0,False,True,False,True,Default,Default,False,False,True,Default,Default,Default,Default,Default,Default,Default,Default,Default,Default,Default,20,8,Default,Default,Default,Default,16,Default,44.469 ns,1.7619 ns,2.0291 ns,2.17,0.16,0.0026,0.0001,0.0001,0 B,NA
Mel_Rejected_Debug_EightProps,Job-XMWQLI,False,Default,Default,Default,Default,Default,Default,111111111111111111111111,Empty,RyuJit,Default,X64,8c5e7fda-e8bf-4a96-9a85-a6e23a8c635c,.NET 10.0,False,True,False,True,Default,Default,False,False,True,Default,Default,Default,Default,Default,Default,Default,Default,Default,Default,Default,20,8,Default,Default,Default,Default,16,Default,69.527 ns,2.0203 ns,2.3265 ns,3.40,0.23,0.0041,0.0000,0.0000,232 B,NA
Mel_Rejected_Debug_TwelveProps,Job-XMWQLI,False,Default,Default,Default,Default,Default,Default,111111111111111111111111,Empty,RyuJit,Default,X64,8c5e7fda-e8bf-4a96-9a85-a6e23a8c635c,.NET 10.0,False,True,False,True,Default,Default,False,False,True,Default,Default,Default,Default,Default,Default,Default,Default,Default,Default,Default,20,8,Default,Default,Default,Default,16,Default,96.788 ns,2.1933 ns,2.4378 ns,4.73,0.30,0.0058,0.0000,0.0000,336 B,NA
Mel_Rejected_Debug_SixteenProps,Job-XMWQLI,False,Default,Default,Default,Default,Default,Default,111111111111111111111111,Empty,RyuJit,Default,X64,8c5e7fda-e8bf-4a96-9a85-a6e23a8c635c,.NET 10.0,False,True,False,True,Default,Default,False,False,True,Default,Default,Default,Default,Default,Default,Default,Default,Default,Default,Default,20,8,Default,Default,Default,Default,16,Default,120.358 ns,4.1209 ns,4.5804 ns,5.88,0.40,0.0076,0.0000,0.0000,440 B,NA
Mel_Rejected_Debug_FourProps_Guarded,Job-XMWQLI,False,Default,Default,Default,Default,Default,Default,111111111111111111111111,Empty,RyuJit,Default,X64,8c5e7fda-e8bf-4a96-9a85-a6e23a8c635c,.NET 10.0,False,True,False,True,Default,Default,False,False,True,Default,Default,Default,Default,Default,Default,Default,Default,Default,Default,Default,20,8,Default,Default,Default,Default,16,Default,2.166 ns,0.3987 ns,0.4592 ns,0.11,0.02,0.0000,0.0000,0.0000,0 B,NA
Mel_Accepted_Warn_ZeroProps,Job-XMWQLI,False,Default,Default,Default,Default,Default,Default,111111111111111111111111,Empty,RyuJit,Default,X64,8c5e7fda-e8bf-4a96-9a85-a6e23a8c635c,.NET 10.0,False,True,False,True,Default,Default,False,False,True,Default,Default,Default,Default,Default,Default,Default,Default,Default,Default,Default,20,8,Default,Default,Default,Default,16,Default,20.527 ns,1.0257 ns,1.1812 ns,1.00,0.08,0.0000,0.0000,0.0000,0 B,NA
