Method,Job,AnalyzeLaunchVariance,EvaluateOverhead,MaxAbsoluteError,MaxRelativeError,MinInvokeCount,MinIterationTime,OutlierMode,Affinity,EnvironmentVariables,Jit,LargeAddressAware,Platform,PowerPlanMode,Runtime,AllowVeryLargeObjects,Concurrent,CpuGroups,Force,HeapAffinitizeMask,HeapCount,NoAffinitize,RetainVm,Server,Arguments,BuildConfiguration,Clock,EngineFactory,NuGetReferences,Toolchain,IsMutator,InvocationCount,IterationCount,IterationTime,LaunchCount,MaxIterationCount,MaxWarmupIterationCount,MemoryRandomization,MinIterationCount,MinWarmupIterationCount,RunStrategy,UnrollFactor,WarmupCount,Mean,Error,StdDev,Median,Ratio,RatioSD,Gen0,Allocated,Alloc Ratio
NLog_Rejected_Debug_ZeroProps,Job-CDKDDF,False,Default,Default,Default,Default,Default,Default,111111111111111111111111,Empty,RyuJit,Default,X64,8c5e7fda-e8bf-4a96-9a85-a6e23a8c635c,.NET 10.0,False,True,False,True,Default,Default,False,False,True,Default,Default,Default,Default,Default,Default,Default,Default,Default,Default,Default,20,8,Default,Default,Default,Default,16,Default,0.2123 ns,0.1525 ns,0.1756 ns,0.2041 ns,0.005,0.00,0.0000,0 B,0.00
NLog_Rejected_Debug_OneProp,Job-CDKDDF,False,Default,Default,Default,Default,Default,Default,111111111111111111111111,Empty,RyuJit,Default,X64,8c5e7fda-e8bf-4a96-9a85-a6e23a8c635c,.NET 10.0,False,True,False,True,Default,Default,False,False,True,Default,Default,Default,Default,Default,Default,Default,Default,Default,Default,Default,20,8,Default,Default,Default,Default,16,Default,0.2280 ns,0.1528 ns,0.1760 ns,0.2437 ns,0.005,0.00,0.0000,0 B,0.00
NLog_Rejected_Debug_TwoProps,Job-CDKDDF,False,Default,Default,Default,Default,Default,Default,111111111111111111111111,Empty,RyuJit,Default,X64,8c5e7fda-e8bf-4a96-9a85-a6e23a8c635c,.NET 10.0,False,True,False,True,Default,Default,False,False,True,Default,Default,Default,Default,Default,Default,Default,Default,Default,Default,Default,20,8,Default,Default,Default,Default,16,Default,0.0302 ns,0.0509 ns,0.0587 ns,0.0000 ns,0.001,0.00,0.0000,0 B,0.00
NLog_Rejected_Debug_FourProps,Job-CDKDDF,False,Default,Default,Default,Default,Default,Default,111111111111111111111111,Empty,RyuJit,Default,X64,8c5e7fda-e8bf-4a96-9a85-a6e23a8c635c,.NET 10.0,False,True,False,True,Default,Default,False,False,True,Default,Default,Default,Default,Default,Default,Default,Default,Default,Default,Default,20,8,Default,Default,Default,Default,16,Default,22.1929 ns,0.4707 ns,0.4623 ns,22.1149 ns,0.506,0.02,0.0022,128 B,1.07
NLog_Rejected_Debug_EightProps,Job-CDKDDF,False,Default,Default,Default,Default,Default,Default,111111111111111111111111,Empty,RyuJit,Default,X64,8c5e7fda-e8bf-4a96-9a85-a6e23a8c635c,.NET 10.0,False,True,False,True,Default,Default,False,False,True,Default,Default,Default,Default,Default,Default,Default,Default,Default,Default,Default,20,8,Default,Default,Default,Default,16,Default,43.2610 ns,1.1770 ns,1.3082 ns,43.0870 ns,0.987,0.04,0.0041,232 B,1.93
NLog_Rejected_Debug_TwelveProps,Job-CDKDDF,False,Default,Default,Default,Default,Default,Default,111111111111111111111111,Empty,RyuJit,Default,X64,8c5e7fda-e8bf-4a96-9a85-a6e23a8c635c,.NET 10.0,False,True,False,True,Default,Default,False,False,True,Default,Default,Default,Default,Default,Default,Default,Default,Default,Default,Default,20,8,Default,Default,Default,Default,16,Default,60.4331 ns,2.0545 ns,2.3659 ns,60.7166 ns,1.379,0.06,0.0058,336 B,2.80
NLog_Rejected_Debug_SixteenProps,Job-CDKDDF,False,Default,Default,Default,Default,Default,Default,111111111111111111111111,Empty,RyuJit,Default,X64,8c5e7fda-e8bf-4a96-9a85-a6e23a8c635c,.NET 10.0,False,True,False,True,Default,Default,False,False,True,Default,Default,Default,Default,Default,Default,Default,Default,Default,Default,Default,20,8,Default,Default,Default,Default,16,Default,78.4723 ns,1.1195 ns,1.0472 ns,78.4573 ns,1.790,0.05,0.0076,440 B,3.67
NLog_Rejected_Debug_FourProps_Guarded,Job-CDKDDF,False,Default,Default,Default,Default,Default,Default,111111111111111111111111,Empty,RyuJit,Default,X64,8c5e7fda-e8bf-4a96-9a85-a6e23a8c635c,.NET 10.0,False,True,False,True,Default,Default,False,False,True,Default,Default,Default,Default,Default,Default,Default,Default,Default,Default,Default,20,8,Default,Default,Default,Default,16,Default,0.0241 ns,0.0315 ns,0.0309 ns,0.0143 ns,0.001,0.00,0.0000,0 B,0.00
NLog_Accepted_Warn_ZeroProps,Job-CDKDDF,False,Default,Default,Default,Default,Default,Default,111111111111111111111111,Empty,RyuJit,Default,X64,8c5e7fda-e8bf-4a96-9a85-a6e23a8c635c,.NET 10.0,False,True,False,True,Default,Default,False,False,True,Default,Default,Default,Default,Default,Default,Default,Default,Default,Default,Default,20,8,Default,Default,Default,Default,16,Default,43.8611 ns,0.9367 ns,1.0788 ns,43.6657 ns,1.001,0.03,0.0021,120 B,1.00
