Method,Job,AnalyzeLaunchVariance,EvaluateOverhead,MaxAbsoluteError,MaxRelativeError,MinInvokeCount,MinIterationTime,OutlierMode,Affinity,EnvironmentVariables,Jit,LargeAddressAware,Platform,PowerPlanMode,Runtime,AllowVeryLargeObjects,Concurrent,CpuGroups,Force,HeapAffinitizeMask,HeapCount,NoAffinitize,RetainVm,Server,Arguments,BuildConfiguration,Clock,EngineFactory,NuGetReferences,Toolchain,IsMutator,InvocationCount,IterationCount,IterationTime,LaunchCount,MaxIterationCount,MaxWarmupIterationCount,MemoryRandomization,MinIterationCount,MinWarmupIterationCount,RunStrategy,UnrollFactor,WarmupCount,Mean,Error,StdDev,Ratio,RatioSD,Gen0,Allocated,Alloc Ratio
Log4Net_Rejected_Debug_ZeroProps,Job-RBRCNH,False,Default,Default,Default,Default,Default,Default,111111111111111111111111,Empty,RyuJit,Default,X64,8c5e7fda-e8bf-4a96-9a85-a6e23a8c635c,.NET 10.0,False,True,False,True,Default,Default,False,False,True,Default,Default,Default,Default,Default,Default,Default,Default,Default,Default,Default,20,8,Default,Default,Default,Default,16,Default,5.563 ns,0.1977 ns,0.1942 ns,0.03,0.00,0.0000,0 B,0.00
Log4Net_Rejected_Debug_OneProp,Job-RBRCNH,False,Default,Default,Default,Default,Default,Default,111111111111111111111111,Empty,RyuJit,Default,X64,8c5e7fda-e8bf-4a96-9a85-a6e23a8c635c,.NET 10.0,False,True,False,True,Default,Default,False,False,True,Default,Default,Default,Default,Default,Default,Default,Default,Default,Default,Default,20,8,Default,Default,Default,Default,16,Default,10.172 ns,0.2720 ns,0.3132 ns,0.05,0.01,0.0004,24 B,0.14
Log4Net_Rejected_Debug_TwoProps,Job-RBRCNH,False,Default,Default,Default,Default,Default,Default,111111111111111111111111,Empty,RyuJit,Default,X64,8c5e7fda-e8bf-4a96-9a85-a6e23a8c635c,.NET 10.0,False,True,False,True,Default,Default,False,False,True,Default,Default,Default,Default,Default,Default,Default,Default,Default,Default,Default,20,8,Default,Default,Default,Default,16,Default,9.875 ns,0.2242 ns,0.2399 ns,0.05,0.01,0.0005,24 B,0.14
Log4Net_Rejected_Debug_FourProps,Job-RBRCNH,False,Default,Default,Default,Default,Default,Default,111111111111111111111111,Empty,RyuJit,Default,X64,8c5e7fda-e8bf-4a96-9a85-a6e23a8c635c,.NET 10.0,False,True,False,True,Default,Default,False,False,True,Default,Default,Default,Default,Default,Default,Default,Default,Default,Default,Default,20,8,Default,Default,Default,Default,16,Default,29.277 ns,0.8714 ns,0.9685 ns,0.15,0.02,0.0039,128 B,0.76
Log4Net_Rejected_Debug_EightProps,Job-RBRCNH,False,Default,Default,Default,Default,Default,Default,111111111111111111111111,Empty,RyuJit,Default,X64,8c5e7fda-e8bf-4a96-9a85-a6e23a8c635c,.NET 10.0,False,True,False,True,Default,Default,False,False,True,Default,Default,Default,Default,Default,Default,Default,Default,Default,Default,Default,20,8,Default,Default,Default,Default,16,Default,51.304 ns,1.7608 ns,2.0278 ns,0.27,0.03,0.0041,232 B,1.38
Log4Net_Rejected_Debug_TwelveProps,Job-RBRCNH,False,Default,Default,Default,Default,Default,Default,111111111111111111111111,Empty,RyuJit,Default,X64,8c5e7fda-e8bf-4a96-9a85-a6e23a8c635c,.NET 10.0,False,True,False,True,Default,Default,False,False,True,Default,Default,Default,Default,Default,Default,Default,Default,Default,Default,Default,20,8,Default,Default,Default,Default,16,Default,72.619 ns,2.3091 ns,2.5666 ns,0.38,0.04,0.0058,336 B,2.00
Log4Net_Rejected_Debug_SixteenProps,Job-RBRCNH,False,Default,Default,Default,Default,Default,Default,111111111111111111111111,Empty,RyuJit,Default,X64,8c5e7fda-e8bf-4a96-9a85-a6e23a8c635c,.NET 10.0,False,True,False,True,Default,Default,False,False,True,Default,Default,Default,Default,Default,Default,Default,Default,Default,Default,Default,20,8,Default,Default,Default,Default,16,Default,93.837 ns,3.3675 ns,3.8780 ns,0.49,0.05,0.0076,440 B,2.62
Log4Net_Rejected_Debug_FourProps_Guarded,Job-RBRCNH,False,Default,Default,Default,Default,Default,Default,111111111111111111111111,Empty,RyuJit,Default,X64,8c5e7fda-e8bf-4a96-9a85-a6e23a8c635c,.NET 10.0,False,True,False,True,Default,Default,False,False,True,Default,Default,Default,Default,Default,Default,Default,Default,Default,Default,Default,20,8,Default,Default,Default,Default,16,Default,5.205 ns,0.4659 ns,0.5365 ns,0.03,0.00,0.0000,0 B,0.00
Log4Net_Accepted_Warn_ZeroProps,Job-RBRCNH,False,Default,Default,Default,Default,Default,Default,111111111111111111111111,Empty,RyuJit,Default,X64,8c5e7fda-e8bf-4a96-9a85-a6e23a8c635c,.NET 10.0,False,True,False,True,Default,Default,False,False,True,Default,Default,Default,Default,Default,Default,Default,Default,Default,Default,Default,20,8,Default,Default,Default,Default,16,Default,195.106 ns,16.5054 ns,19.0076 ns,1.01,0.14,0.0029,168 B,1.00
